opportunity_id,skill_canonical_name,importance
opp_001,Python,required
opp_001,SQL,required
opp_001,Git,required
opp_002,Python,required
opp_002,REST API,required
opp_002,Git,required
opp_002,Linux,preferred
opp_003,Python,required
opp_003,SQL,required
opp_003,REST API,required
opp_003,OOP,preferred
opp_004,Java,required
opp_004,SQL,required
opp_004,OOP,required
opp_004,REST API,preferred
opp_005,Java,required
opp_005,Data Structures,required
opp_005,Algorithms,required
opp_005,Git,preferred
opp_006,Java,required
opp_006,AWS,required
opp_006,SQL,required
opp_006,Linux,preferred
opp_007,Python,required
opp_007,Java,required
opp_007,SQL,required
opp_007,Git,preferred
opp_008,Python,required
opp_008,Java,required
opp_008,Backend Development,required
opp_008,REST API,preferred
opp_009,React,required
opp_009,JavaScript,required
opp_009,HTML,required
opp_009,CSS,preferred
opp_010,HTML,required
opp_010,CSS,required
opp_010,JavaScript,required
opp_010,React,preferred
opp_011,React,required
opp_011,Node.js,required
opp_011,JavaScript,required
opp_011,REST API,preferred
opp_011,SQL,preferred
opp_012,JavaScript,required
opp_012,TypeScript,required
opp_012,React,required
opp_012,Node.js,preferred
opp_012,MongoDB,preferred
opp_013,HTML,required
opp_013,CSS,required
opp_013,JavaScript,required
opp_013,SQL,preferred
opp_014,Python,required
opp_014,SQL,required
opp_014,Pandas,required
opp_014,Data Analysis,preferred
opp_014,Microsoft Excel,preferred
opp_015,SQL,required
opp_015,Data Analysis,required
opp_015,Power BI,required
opp_015,Data Visualization,preferred
opp_016,Python,required
opp_016,Data Analysis,required
opp_016,Pandas,required
opp_016,NumPy,preferred
opp_016,SQL,preferred
opp_017,SQL,required
opp_017,Microsoft Excel,required
opp_017,Power BI,required
opp_017,Data Analysis,preferred
opp_018,Python,required
opp_018,Machine Learning,required
opp_018,Pandas,required
opp_018,NumPy,preferred
opp_018,Scikit-learn,preferred
opp_019,Python,required
opp_019,Computer Vision,required
opp_019,PyTorch,required
opp_019,NumPy,preferred
opp_020,Python,required
opp_020,NLP,required
opp_020,Machine Learning,required
opp_020,SQL,preferred
opp_021,Python,required
opp_021,Generative AI,required
opp_021,REST API,required
opp_021,Docker,preferred
opp_022,AWS,required
opp_022,Linux,required
opp_022,Computer Networks,required
opp_022,Cloud Computing,preferred
opp_023,Docker,required
opp_023,Linux,required
opp_023,Git,required
opp_023,CI/CD,preferred
opp_024,Cloud Computing,required
opp_024,Linux,required
opp_024,Python,required
opp_024,Git,preferred
opp_025,Android,required
opp_025,Kotlin,required
opp_025,Java,required
opp_025,OOP,preferred
opp_026,Flutter,required
opp_026,Dart,required
opp_026,REST API,required
opp_026,Git,preferred
opp_027,SQL,required
opp_027,Database Management,required
opp_027,MySQL,required
opp_027,Linux,preferred
opp_028,SQL,required
opp_028,PostgreSQL,required
opp_028,Database Management,required
opp_028,Python,preferred
opp_029,Cybersecurity,required
opp_029,Network Security,required
opp_029,Linux,required
opp_029,Computer Networks,preferred
opp_030,Computer Networks,required
opp_030,Linux,required
opp_030,Problem Solving,required
opp_031,UI/UX Design,required
opp_031,Figma,required
opp_031,HTML,required
opp_031,CSS,preferred
opp_032,UI/UX Design,required
opp_032,Figma,required
opp_032,CSS,required
opp_032,Communication,preferred
opp_033,Industrial Sewing Machine Operation,required
opp_033,Textile Quality Inspection & Fabric Grading,required
opp_033,Inventory Management,required
opp_033,Quality Control,preferred
opp_034,Industrial Sewing Machine Operation,required
opp_034,Inventory Management,required
opp_034,Shop Floor Supervision & Mentorship,required
opp_035,Customer Handling,required
opp_035,Inventory Management,required
opp_035,Retail,required
opp_035,Sales,preferred
opp_036,Inventory Management,required
opp_036,Problem Solving,required
opp_036,Quality Control,required
opp_037,Customer Handling,required
opp_037,Communication,required
opp_037,Retail,required
opp_038,Quality Control,required
opp_038,Problem Solving,required
opp_038,Teamwork,required
opp_039,Python,required
opp_039,SQL,required
opp_039,Pandas,required
opp_039,Git,preferred
opp_040,Java,required
opp_040,OOP,required
opp_040,SQL,required
opp_041,React,required
opp_041,JavaScript,required
opp_041,HTML,required
opp_041,CSS,preferred
opp_042,JavaScript,required
opp_042,React,required
opp_042,Node.js,required
opp_042,PostgreSQL,preferred
opp_043,Power BI,required
opp_043,SQL,required
opp_043,Data Analysis,required
opp_043,Data Visualization,preferred
opp_044,Python,required
opp_044,Machine Learning,required
opp_044,Pandas,required
opp_044,Data Visualization,preferred
opp_045,Linux,required
opp_045,Cloud Computing,required
opp_045,Computer Networks,required
opp_046,Docker,required
opp_046,Git,required
opp_046,Linux,required
opp_046,CI/CD,preferred
opp_047,Android,required
opp_047,Kotlin,required
opp_047,REST API,required
opp_048,Flutter,required
opp_048,Dart,required
opp_048,JavaScript,required
opp_049,SQL,required
opp_049,Database Management,required
opp_049,Microsoft Excel,required
opp_050,Cybersecurity,required
opp_050,Network Security,required
opp_050,Linux,required
opp_051,Computer Networks,required
opp_051,Problem Solving,required
opp_051,Linux,required
opp_052,UI/UX Design,required
opp_052,Figma,required
opp_052,Communication,required
opp_053,Inventory Management,required
opp_053,Retail,required
opp_053,Customer Handling,required
opp_054,Quality Control,required
opp_054,Industrial Sewing Machine Operation,required
opp_055,Communication,required
opp_055,Problem Solving,required
opp_055,SQL,required
opp_056,Java,required
opp_056,REST API,required
opp_056,SQL,required
opp_056,Git,preferred
opp_057,Python,required
opp_057,Data Analysis,required
opp_057,Pandas,required
opp_058,Python,required
opp_058,Machine Learning,required
opp_058,Scikit-learn,required
opp_059,Linux,required
opp_059,Computer Networks,required
opp_059,Git,required
opp_060,React,required
opp_060,JavaScript,required
opp_060,HTML,required
opp_060,CSS,preferred
opp_061,SQL,required
opp_061,Python,required
opp_061,Database Management,required
opp_062,Inventory Management,required
opp_062,Microsoft Excel,required
opp_062,Problem Solving,required
opp_063,Quality Control,required
opp_063,Problem Solving,required
opp_064,Python,required
opp_064,SQL,required
opp_064,Pandas,required
opp_064,Data Analysis,preferred
opp_065,Java,required
opp_065,React,required
opp_065,SQL,required
opp_065,Git,preferred
opp_066,Go,required
opp_066,Docker,required
opp_066,REST API,required
opp_066,Git,preferred
opp_067,Rust,required
opp_067,C++,required
opp_067,Algorithms,required
opp_067,Linux,preferred
opp_068,C#,required
opp_068,SQL,required
opp_068,OOP,required
opp_068,REST API,preferred
opp_069,PHP,required
opp_069,MySQL,required
opp_069,JavaScript,required
opp_069,HTML,preferred
opp_070,Python,required
opp_070,Software Testing,required
opp_070,Git,required
opp_070,Debugging,preferred
opp_071,Java,required
opp_071,SQL,required
opp_071,OOP,required
opp_071,Data Structures,preferred
opp_072,Python,required
opp_072,SQL,required
opp_072,Database Management,required
opp_072,Git,preferred
opp_073,Angular,required
opp_073,TypeScript,required
opp_073,HTML,required
opp_073,CSS,preferred
opp_074,Vue.js,required
opp_074,JavaScript,required
opp_074,HTML,required
opp_074,CSS,preferred
opp_075,Node.js,required
opp_075,Express.js,required
opp_075,REST API,required
opp_075,SQL,preferred
opp_076,React,required
opp_076,JavaScript,required
opp_076,HTML,required
opp_076,CSS,preferred
opp_077,React,required
opp_077,Node.js,required
opp_077,REST API,required
opp_077,Full Stack Development,preferred
opp_078,HTML,required
opp_078,CSS,required
opp_078,JavaScript,required
opp_078,Web Development,preferred
opp_079,PostgreSQL,required
opp_079,SQL,required
opp_079,Database Management,required
opp_079,Database Design,preferred
opp_080,MongoDB,required
opp_080,Database Design,required
opp_080,Database Management,required
opp_080,SQL,preferred
opp_081,Firebase,required
opp_081,JavaScript,required
opp_081,Database Management,required
opp_081,REST API,preferred
opp_082,Database Design,required
opp_082,SQL,required
opp_082,MySQL,required
opp_082,Database Management,preferred
opp_083,Power BI,required
opp_083,SQL,required
opp_083,Microsoft Excel,required
opp_083,Data Analysis,preferred
opp_084,Python,required
opp_084,Statistics,required
opp_084,Pandas,required
opp_084,Data Analysis,preferred
opp_085,Tableau,required
opp_085,SQL,required
opp_085,Data Visualization,required
opp_085,Microsoft Excel,preferred
opp_086,SQL,required
opp_086,Microsoft Excel,required
opp_086,Power BI,required
opp_086,Data Analysis,preferred
opp_087,Data Visualization,required
opp_087,Python,required
opp_087,Pandas,required
opp_087,SQL,preferred
opp_088,Python,required
opp_088,Machine Learning,required
opp_088,Scikit-learn,required
opp_088,Pandas,preferred
opp_089,Python,required
opp_089,Deep Learning,required
opp_089,PyTorch,required
opp_089,NumPy,preferred
opp_090,Python,required
opp_090,NLP,required
opp_090,Machine Learning,required
opp_090,Artificial Intelligence,preferred
opp_091,Python,required
opp_091,Computer Vision,required
opp_091,TensorFlow,required
opp_091,Machine Learning,preferred
opp_092,Python,required
opp_092,Generative AI,required
opp_092,Artificial Intelligence,required
opp_092,REST API,preferred
opp_093,Linux,required
opp_093,Docker,required
opp_093,Git,required
opp_093,CI/CD,preferred
opp_094,AWS,required
opp_094,Linux,required
opp_094,Cloud Computing,required
opp_094,Docker,preferred
opp_095,Linux,required
opp_095,Kubernetes,required
opp_095,Docker,required
opp_095,Cloud Computing,preferred
opp_096,Azure,required
opp_096,Cloud Computing,required
opp_096,Linux,required
opp_096,Git,preferred
opp_097,Git,required
opp_097,GitHub,required
opp_097,CI/CD,required
opp_097,Linux,preferred
opp_098,Python,required
opp_098,Software Testing,required
opp_098,Git,required
opp_098,Debugging,preferred
opp_099,Java,required
opp_099,Software Testing,required
opp_099,SQL,required
opp_099,OOP,preferred
opp_100,C++,required
opp_100,Data Structures,required
opp_100,Algorithms,required
opp_100,OOP,preferred
opp_101,Debugging,required
opp_101,Software Development,required
opp_101,Python,required
opp_101,Git,preferred
opp_102,Cybersecurity,required
opp_102,Network Security,required
opp_102,Security Fundamentals,required
opp_102,Linux,preferred
opp_103,Vulnerability Assessment,required
opp_103,Cybersecurity,required
opp_103,Ethical Hacking,required
opp_103,Linux,preferred
opp_104,Cryptography,required
opp_104,Security Fundamentals,required
opp_104,Python,required
opp_104,Cybersecurity,preferred
opp_105,Cisco,required
opp_105,Computer Networks,required
opp_105,TCP/IP,required
opp_105,Network Administration,preferred
opp_106,Network Administration,required
opp_106,Computer Networks,required
opp_106,TCP/IP,required
opp_106,Linux,preferred
opp_107,Kotlin,required
opp_107,Android,required
opp_107,Java,required
opp_107,Mobile App Development,preferred
opp_108,Flutter,required
opp_108,Dart,required
opp_108,Mobile App Development,required
opp_108,REST API,preferred
opp_109,Android,required
opp_109,Java,required
opp_109,Kotlin,required
opp_109,OOP,preferred
opp_110,Figma,required
opp_110,UI/UX Design,required
opp_110,Prototyping,required
opp_110,Wireframing,preferred
opp_111,User Research,required
opp_111,Figma,required
opp_111,Prototyping,required
opp_111,UI/UX Design,preferred
opp_112,Wireframing,required
opp_112,UI/UX Design,required
opp_112,Figma,required
opp_112,Prototyping,preferred
opp_113,Digital Marketing,required
opp_113,Communication,required
opp_113,Problem Solving,required
opp_113,Microsoft Excel,preferred
opp_114,Microsoft Excel,required
opp_114,Microsoft Office,required
opp_114,Data Entry,required
opp_114,Problem Solving,preferred
opp_115,Customer Service,required
opp_115,Communication,required
opp_115,Problem Solving,required
opp_115,Teamwork,preferred
opp_116,Data Entry,required
opp_116,Microsoft Office,required
opp_116,Communication,required
opp_116,Teamwork,preferred
opp_117,Electrical,required
opp_117,Manufacturing,required
opp_117,Quality Control,required
opp_117,Problem Solving,preferred
opp_118,Mechanical,required
opp_118,Machine Operation,required
opp_118,Manufacturing,required
opp_118,Quality Control,preferred
opp_119,Warehouse Management,required
opp_119,Logistics,required
opp_119,Inventory Management,required
opp_119,Teamwork,preferred
opp_120,Tally,required
opp_120,Accounting,required
opp_120,GST,required
opp_120,Microsoft Excel,preferred
opp_121,Tally,required
opp_121,GST,required
opp_121,Accounting,required
opp_121,Data Entry,preferred
opp_122,AutoCAD,required
opp_122,Mechanical,required
opp_122,Manufacturing,required
opp_122,Quality Control,preferred
opp_123,Retail Operations,required
opp_123,Inventory Management,required
opp_123,Customer Service,required
opp_123,Communication,preferred
opp_124,Machine Operation,required
opp_124,Manufacturing,required
opp_124,Quality Control,required
opp_124,Teamwork,preferred
opp_125,Quality Control,required
opp_125,Manufacturing,required
opp_125,Problem Solving,required
opp_125,Teamwork,preferred
